date,close,ret,rv,regime
2024-01-02,149.935,,,0
2024-01-03,148.425,-0.01012208669016168,,0
2024-01-04,144.62,-0.025970167409933964,,0
2024-01-05,145.255,0.0043812058006604815,,0
2024-01-08,149.12,0.026260532389814628,,0
2024-01-09,151.35,0.014843684530446488,,0
2024-01-10,153.675,0.015244947325346203,,0
2024-01-11,155.155,0.009584634459256947,,0
2024-01-12,154.55,-0.003906948674204713,,0
2024-01-16,153.115,-0.009328395534121015,,0
2024-01-17,151.655,-0.009581068796818748,,0
2024-01-18,153.505,0.012124935539469917,,0
2024-01-19,155.265,0.011400194717166912,,0
2024-01-22,154.75,-0.003322422939117331,,0
2024-01-23,156.025,0.0082053392554009,,0
2024-01-24,156.885,0.005496802054234529,,0
2024-01-25,157.68,0.005054609970123636,,0
2024-01-26,159.01,0.00839943047984093,,0
2024-01-29,161.245,0.013957854118888058,,0
2024-01-30,159.005,-0.01398929917651337,,0
2024-01-31,155.185,-0.024317694672959966,0.013819729410274392,0
2024-02-01,159.555,0.027770736778017557,0.014681289752689057,0
2024-02-02,171.8,0.07394231917841765,0.020087572128594217,1
2024-02-05,170.125,-0.00979754857852555,0.020490863374624583,1
2024-02-06,169.145,-0.005777125744323541,0.02023078010997682,1
2024-02-07,170.475,0.007832323179409961,0.020135467291040807,1
2024-02-08,169.89,-0.003437489612893252,0.020114892553832822,1
2024-02-09,174.48,0.026658953099550686,0.020673594365876537,1
2024-02-12,172.345,-0.012311840085290626,0.020966136690069487,1
2024-02-13,168.725,-0.021228111178612785,0.021567783328742787,1
2024-02-14,171.025,0.013539574017591427,0.021372084571825056,1
2024-02-15,169.75,-0.0074829782082561636,0.021525995924832363,1
2024-02-16,169.445,-0.0017983760503632595,0.021522730119193458,1
2024-02-20,167.125,-0.013786354966335068,0.021844342049235747,1
2024-02-21,168.63,0.008964930259986126,0.021852977908714096,1
2024-02-22,174.535,0.034418328914203045,0.0228972425518173,1
2024-02-23,174.98,0.00254638708182231,0.022905701181447847,1
2024-02-26,174.705,-0.0015728444553939624,0.022941020797453904,1
2024-02-27,173.5,-0.0069212378358107784,0.02297291519727115,1
2024-02-28,173.165,-0.0019327022011346173,0.022641125623159206,1
2024-02-29,176.76,0.02054798307676009,0.021869551021070344,1
2024-03-01,178.27,0.008506374701230612,0.021300643027753675,1
2024-03-04,177.59,-0.0038217322972657897,0.01400731509474615,0
2024-03-05,174.08,-0.019962558998926738,0.014616017788757157,0
2024-03-06,173.55,-0.0030492213597819173,0.014560604574178102,0
2024-03-07,176.83,0.01872307675909024,0.015014889654308269,0
2024-03-08,175.34,-0.008461872906446288,0.015149093034756277,0
2024-03-11,171.965,-0.019435978425647704,0.014630131212632078,0
2024-03-12,175.45,0.02006313429443196,0.015065332763446272,0
2024-03-13,176.55,0.006250020345171414,0.0141680403522662,0
2024-03-14,178.715,0.012188235831773753,0.014114572263453173,0
2024-03-15,174.405,-0.02441217741748769,0.015192259889058873,0
2024-03-18,174.405,0.0,0.015177943423397499,0
2024-03-19,175.885,0.008450191593806444,0.01481374166676545,0
2024-03-20,178.045,0.012205954947553721,0.01490500480173316,0
2024-03-21,178.23,0.0010385237057182195,0.012902715222199348,0
2024-03-22,178.925,0.00389187258890189,0.0129144441330683,0
2024-03-25,179.7,0.004322070164851866,0.012917146277421495,0
2024-03-26,178.55,-0.006420119749055431,0.012900611755851854,0
2024-03-27,179.82,0.007087676516168706,0.01293432990736891,0
2024-03-28,180.325,0.002804427833109635,0.012173002825136784,0
2024-04-01,180.92,0.0032941662199057475,0.01205906605290076,0
2024-04-02,180.66,-0.0014381328879444766,0.012023358303796694,0
2024-04-03,182.405,0.009612677823525928,0.011112195721601862,0
2024-04-04,180.05,-0.012994899450339048,0.011578613634380952,0
2024-04-05,185.08,0.027553573943914778,0.012395881763573311,0
2024-04-08,185.26,0.0009720797870818032,0.012142516161162215,0
2024-04-09,185.615,0.0019143922260598245,0.010971232405244908,0
2024-04-10,186.0,0.0020720376612608504,0.010285384289182499,0
2024-04-11,189.06,0.016317751284036675,0.01069516292986932,0
2024-04-12,186.13,-0.01561907068699675,0.011286818850266077,0
2024-04-15,183.675,-0.01327746280390052,0.010128970652759662,0
2024-04-16,183.345,-0.0017982676090051442,0.010161096546585464,0
2024-04-17,181.275,-0.011354408639679292,0.010509688811262921,0
2024-04-18,179.225,-0.011373215518720947,0.010568963515150163,0
2024-04-19,174.55,-0.02643076618789042,0.012140148473837977,0
2024-04-22,177.185,0.014983150924045674,0.012621240721892054,0
2024-04-23,179.35,0.012144819503200566,0.012896388449353006,0
2024-04-24,176.575,-0.015593488683305345,0.013290207815646975,0
2024-04-25,173.78,-0.01595558388392604,0.01358816790753763,0
2024-04-26,179.7,0.033498662378453226,0.01569476478746251,0
2024-04-29,180.945,0.0069043238959434206,0.015757382780246017,0
2024-04-30,175.38,-0.031238069334246887,0.017240353249809482,1
2024-05-01,178.955,0.02017932923606569,0.01775257938581373,1
2024-05-02,184.695,0.031571438325668666,0.018920342333292227,1
2024-05-03,186.2,0.00811554893002242,0.017974967411082086,1
2024-05-06,188.66,0.01312508837874038,0.018202798636740652,1
2024-05-07,188.795,0.0007153170881633031,0.0182012886198244,1
2024-05-08,187.955,-0.0044591978336328,0.018236753219569843,1
2024-05-09,189.525,0.008318369466129738,0.017957691538751132,1
2024-05-10,187.47,-0.010902109333267518,0.01777005823767482,1
2024-05-13,186.625,-0.004517576749745622,0.017522498682344508,1
2024-05-14,187.065,0.0023548941814661717,0.01751473542019539,1
2024-05-15,186.0,-0.0057094763276186455,0.017349801657051443,1
2024-05-16,183.63,-0.012823810182113426,0.0174084434897505,1
2024-05-17,184.705,0.0058370942335210785,0.01616217247742156,0
2024-05-20,183.595,-0.006027713064515439,0.016012626617806516,0
2024-05-21,183.18,-0.0022629687252520014,0.015844852024437663,0
2024-05-22,183.1,-0.00043682429437730264,0.015361690112695926,0
2024-05-23,181.08,-0.011093529112706335,0.01510195156705799,0
2024-05-24,180.78,-0.0016581001974937948,0.013172468751185324,0
2024-05-28,182.07,0.00711040614560865,0.013177986639499777,0
2024-05-29,182.01,-0.0003295978935566879,0.010898804548368607,0
2024-05-30,179.39,-0.014499423911317422,0.010584181446880336,0
2024-05-31,176.495,-0.01626965935080804,0.008251301677947685,0
2024-06-03,178.37,0.010567497210020704,0.008430021436980498,0
2024-06-04,179.245,0.004893540517683981,0.007824277419370513,0
2024-06-05,181.23,0.01101335773086376,0.008370894239954033,0
2024-06-06,184.91,0.02010227740013537,0.009694988055377126,0
2024-06-07,184.25,-0.0035756891494491683,0.009467264764693496,0
2024-06-10,187.08,0.015242801788240001,0.009883698579988031,0
2024-06-11,187.21,0.0006946485624910181,0.009829771033562569,0
2024-06-12,186.885,-0.0017375270012403021,0.009824192658160579,0
2024-06-13,183.75,-0.016917316325990583,0.010463013001509253,0
2024-06-14,183.63,-0.0006532745618574864,0.010061392959059872,0
2024-06-17,184.09,0.002501904927382448,0.009986919397642199,0
2024-06-18,182.795,-0.007059462110095005,0.01002139282629069,0
2024-06-20,186.06,0.017703895992037033,0.01077333574310839,0
2024-06-21,189.03,0.01583653028166143,0.011279249594231,0
2024-06-24,185.66,-0.0179886886502878,0.011781641522676384,0
2024-06-25,186.38,0.0038705563857233116,0.011774701974469387,0
2024-06-26,193.59,0.03795492025834868,0.014294976564232658,0
2024-06-27,197.685,0.020932334148104026,0.014810356501886916,0
2024-06-28,193.295,-0.022457335412933155,0.015431105990175296,0
2024-07-01,197.175,0.01987413993302578,0.015077675824873977,0
2024-07-02,200.005,0.014250706951487224,0.015164558004759863,0
2024-07-03,197.47,-0.012755692166323662,0.01571883090699206,0
2024-07-05,199.99,0.012680691228776908,0.015757659512214858,0
2024-07-08,199.2,-0.003958020147497798,0.015453473891531696,0
2024-07-09,199.335,0.0006774813010830272,0.015376837591710954,0
2024-07-10,199.76,0.0021298195199372927,0.015147140672411732,0
2024-07-11,195.105,-0.02357877078770443,0.016294143822835783,0
2024-07-12,194.325,-0.004005860067530342,0.01632986247858503,0
2024-07-15,192.77,-0.008034246706783321,0.01590490427468094,0
2024-07-16,193.06,0.0015032530109690967,0.015890446748448826,0
2024-07-17,187.92,-0.026984681069811778,0.01720422774975659,1
2024-07-18,183.675,-0.022848448844316138,0.01794140551701191,1
2024-07-19,183.145,-0.002889702681470041,0.017471170976782607,1
2024-07-22,182.585,-0.003062370807127124,0.01703012070131752,0
2024-07-23,186.45,0.02094728860708628,0.017297610495032194,1
2024-07-24,180.85,-0.0304951482267235,0.018574818717495258,1
2024-07-25,179.92,-0.005155650747046714,0.01608969123582745,0
2024-07-26,182.495,0.014210467735900068,0.015612033739722312,0
2024-07-29,183.155,0.003610013492524544,0.015068466860191901,0
2024-07-30,181.785,-0.007508118790924279,0.01412438656101192,0
2024-07-31,186.665,0.026490896361236693,0.015185058068602158,0
2024-08-01,183.795,-0.015494560380277633,0.015285402221498002,0
2024-08-02,167.8,-0.09104821203641311,0.02437190165287887,1
2024-08-05,160.825,-0.04245597673604262,0.025467134009826753,1
2024-08-06,161.905,0.006692926170920543,0.025643483223831823,1
2024-08-07,162.815,0.005604843448185903,0.02574441512095753,1
2024-08-08,165.83,0.018348580309837104,0.02630085357883049,1
2024-08-09,166.97,0.006850988334858421,0.02650170157872161,1
2024-08-12,166.865,-0.0006290532955643968,0.026546799091028715,1
2024-08-13,170.22,0.019906615783513715,0.02717640378076894,1
2024-08-14,170.05,-0.000999206595610147,0.02675308736018695,1
2024-08-15,177.575,0.0433005434306688,0.028464116864984727,1
2024-08-16,177.035,-0.003045601745049531,0.028464484404441066,1
2024-08-19,178.165,0.006362634077461848,0.02851864927445694,1
2024-08-20,178.9,0.004116903298387875,0.028074812257404748,1
2024-08-21,180.115,0.006768545261804704,0.027315091467352056,1
2024-08-22,175.98,-0.023225183559064,0.027782344406808785,1
2024-08-23,177.08,0.006231255646525824,0.02760754547941877,1
2024-08-26,175.55,-0.00867770524949929,0.02762442064787274,1
2024-08-27,173.135,-0.01385226560813102,0.027725781172761664,1
2024-08-28,170.8,-0.01357835565184029,0.026962583273279096,1
2024-08-29,171.995,0.006972125269007812,0.026945835344237046,1
2024-08-30,178.435,0.03675898262082278,0.019040492924095962,1
2024-09-03,176.535,-0.010705232246564833,0.016148717080078513,0
2024-09-04,173.345,-0.018235328663125827,0.016926837033327948,0
2024-09-05,177.785,0.025291126731870506,0.017619190290485937,1
2024-09-06,171.385,-0.03666246731819012,0.019518299114229944,1
2024-09-09,175.35,0.022871488837896692,0.02006419393113476,1
2024-09-10,179.605,0.023976018538049537,0.02061241113926543,1
2024-09-11,184.43,0.026509992570478147,0.020936370038551762,1
2024-09-12,187.015,0.013918839846652098,0.021014153358080732,1
2024-09-13,186.48,-0.002864832813864737,0.018995874918435206,1
2024-09-16,184.9,-0.008508856334422887,0.019117898504282877,1
2024-09-17,186.84,0.010437497240828542,0.019186484202490382,1
2024-09-18,186.39,-0.0024113828901954903,0.01921084456603007,1
2024-09-19,189.8,0.01812963343211571,0.019523123202637445,1
2024-09-20,191.57,0.009282390901182325,0.01858911877734806,1
2024-09-23,193.875,0.011960344419692959,0.018665337123946368,1
2024-09-24,194.01,0.0006960826299078349,0.01843245446890799,1
2024-09-25,192.48,-0.007917451900241623,0.01815873307095999,1
2024-09-26,191.22,-0.006567654569068715,0.017840077912815444,1
2024-09-27,187.91,-0.017461472856239446,0.018566344092521402,1
2024-09-30,186.275,-0.00873904836126993,0.017127640542341116,1
2024-10-01,185.175,-0.005922752540437948,0.016971391131552233,0
2024-10-02,184.76,-0.002243638336948628,0.016312479003902466,0
2024-10-03,181.895,-0.015628088046685917,0.015956646870490716,0
2024-10-04,186.46,0.02478714135282889,0.014102443368840657,0
2024-10-07,180.82,-0.03071467755932744,0.015401923987404639,0
2024-10-08,182.685,0.010261296897963845,0.014636535136969891,0
2024-10-09,185.175,0.013537965692169251,0.013696859030490898,0
2024-10-10,186.66,0.007987456238247148,0.013446135088950355,0
2024-10-11,188.8,0.011399473573800556,0.013667960850643802,0
2024-10-14,187.615,-0.006296262979618383,0.013598977762809569,0
2024-10-15,187.66,0.00023982413012113568,0.013405602256451064,0
2024-10-16,186.93,-0.0038975996376633404,0.01342505548305186,0
2024-10-17,187.57,0.003417893848009612,0.012775063820409653,0
2024-10-18,188.95,0.007330320723248462,0.012702913135902195,0
2024-10-21,189.09,0.0007406623976304871,0.012357972638140877,0
2024-10-22,189.74,0.003431621771602167,0.012395720530892442,0
2024-10-23,184.775,-0.026515845293780593,0.013574632206183256,0
2024-10-24,186.325,0.00835359209680675,0.013722085016353126,0
2024-10-25,187.83,0.00804483765757169,0.01332004390922453,0
2024-10-28,188.43,0.0031892867090705934,0.013175419876807674,0
2024-10-29,190.875,0.012892178404396937,0.013357492248148983,0
2024-10-30,192.865,0.010371698749224834,0.013468020206617857,0
2024-10-31,186.29,-0.03468586298640375,0.015336396565897237,0
2024-11-01,197.925,0.06058357175588025,0.01970216354362798,1
2024-11-04,195.79,-0.010845514788315747,0.018369399855240262,1
2024-11-05,199.495,0.01874651709002073,0.01861847973391372,1
2024-11-06,206.935,0.036615560932974134,0.019886466660319537,1
2024-11-07,210.115,0.015250265584318967,0.019999211830422803,1
2024-11-08,208.115,-0.009564188344179492,0.020244676869044513,1
2024-11-11,206.825,-0.006217786456069518,0.020242406166358532,1
2024-11-12,208.89,0.009934772546317916,0.020241671931951238,1
2024-11-13,214.135,0.02479885962416528,0.02056548086903159,1
2024-11-14,211.56,-0.01209801104895103,0.020987843800782897,1
2024-11-15,202.03,-0.04609244497232812,0.023996008830293732,1
2024-11-18,201.75,-0.0013868940753924974,0.024012879727473364,1
2024-11-19,204.6,0.014027546367468169,0.024133906738532263,1
2024-11-20,202.8,-0.008836581800498067,0.023274704491196712,1
2024-11-21,198.315,-0.02236359608685845,0.02401930808613364,1
2024-11-22,197.12,-0.006043995285015313,0.024073752537675054,1
2024-11-25,201.445,0.021703710929575237,0.0244580488278271,1
2024-11-26,207.7,0.030578339607337135,0.02513205956671996,1
2024-11-27,205.765,-0.009359989972535843,0.0252649576257599,1
2024-11-29,207.9,0.010322453954436206,0.023662981333725575,1
2024-12-02,210.69,0.01333066397507121,0.01993820126595803,1
2024-12-03,213.345,0.012522714851262329,0.01976033281664252,1
2024-12-04,218.12,0.022134796367559773,0.01990476423312365,1
2024-12-05,220.595,0.011283071046833903,0.018508067873772086,1
2024-12-06,227.0,0.02862157637670837,0.01919516525365027,1
2024-12-09,226.145,-0.0037736310215077395,0.019024865937507168,1
2024-12-10,225.125,-0.0045205829637753325,0.01897989853420279,1
2024-12-11,230.26,0.02255330174939818,0.019384613231759187,1
2024-12-12,229.045,-0.005290614445943476,0.018918544403824785,1
2024-12-13,227.445,-0.007010039878561969,0.0187329592362639,1
2024-12-16,232.925,0.023808062415476172,0.015147484541054582,0
2024-12-17,230.995,-0.008320448070596953,0.015429034203551394,0
2024-12-18,220.455,-0.04670247283913387,0.019392173631893595,1
2024-12-19,223.235,0.012531435822832115,0.019251397416116603,1
2024-12-20,225.045,0.008075353957496034,0.018163346225141694,1
2024-12-23,224.87,-0.0007779247583448168,0.01801218643195272,1
2024-12-24,228.9,0.01776276950977973,0.01785899854902321,1
2024-12-26,227.165,-0.007608601274110782,0.01716450850062677,1
2024-12-27,224.18,-0.013227325091460962,0.017349406045977327,1
2024-12-30,221.28,-0.013020432676500882,0.017703482457556742,1
2024-12-31,219.435,-0.008372806818289114,0.01770974452190886,1
